sz002736	国信证券
sh601633	长城汽车
sh600362	江西铜业
sh600233	圆通速递
sh601169	北京银行
sh600026	中远海能
sh601288	农业银行
sh600276	恒瑞医药
sh600089	特变电工
sh600160	巨化股份
sh600547	山东黄金
sh600023	浙能电力
sh601881	中国银河
sz300394	天孚通信
sh600515	海南机场
sz002600	领益智造
sh600588	用友网络
sh601618	中国中冶
sz300760	迈瑞医疗
sz000776	广发证券
sz300316	晶盛机电
sh601825	沪农商行
sz002558	巨人网络
sz002353	杰瑞股份
sh600795	国电电力
sh601021	春秋航空
sz002466	天齐锂业
sz002142	宁波银行
sz002027	分众传媒
sh600009	上海机场
sh600600	青岛啤酒
sh601319	中国人保
sh600845	宝信软件
sz300450	先导智能
sz002532	天山铝业
sh600760	中航沈飞
sh688271	联影医疗
sh601607	上海医药
sh600905	三峡能源
sz000166	申万宏源
sh601868	中国能建
sh600221	海航控股
sh603993	洛阳钼业
sh600489	中金黄金
sh601018	宁波港
sh600989	宝丰能源
sz300803	指南针
sz000538	云南白药
sh601689	拓普集团
sz002625	光启技术
sh688111	金山办公
sh600741	华域汽车
sz300442	润泽科技
sh600958	东方证券
sh601398	工商银行
sz300896	爱美客
sh601066	中信建投
sz002028	思源电气
sz002709	天赐材料
sz000002	万科A
sz000988	华工科技
sz002049	紫光国微
sh600460	士兰微
sh601088	中国神华
sh600941	中国移动
sz002460	赣锋锂业
sh601877	正泰电器
sz000568	泸州老窖
sh688047	龙芯中科
sz300033	同花顺
sh603019	中科曙光
sh601009	南京银行
sh600893	航发动力
sh601998	中信银行
sh600048	保利发展
sz000100	TCL科技
sz000975	山金国际
sh601127	赛力斯
sh688223	晶科能源
sz300408	三环集团
sz000625	长安汽车
sh600176	中国巨石
sh601628	中国人寿
sz000596	古井贡酒
sh600690	海尔智家
sh601111	中国国航
sh688036	传音控股
sh600015	华夏银行
sh601377	兴业证券
sh601229	上海银行
sz300628	亿联网络
sh600018	上港集团
sz002371	北方华创
sz000807	云铝股份
sh600415	小商品城
sz002594	比亚迪
sh600196	复星医药
sz000657	中钨高新
sh600482	中国动力
sz300999	金龙鱼
sh601872	招商轮船
sh601838	成都银行
sz002236	大华股份
sz000630	铜陵有色
sh603259	药明康德
sh601658	邮储银行
sz000963	华东医药
sz002384	东山精密
sz000708	中信特钢
sh600436	片仔癀
sh600188	兖矿能源
sz000938	紫光股份
sh601390	中国中铁
sh688012	中微公司
sh688256	寒武纪
sh600010	包钢股份
sh601100	恒立液压
sh600886	国投电力
sh688521	芯原股份
sh600809	山西汾酒
sz002916	深南电路
sh601336	新华保险
sz002230	科大讯飞
sh600016	民生银行
sh600930	华电新能
sh688396	华润微
sh600803	新奥股份
sh601800	中国交建
sh601456	国联民生
sz002475	立讯精密
sh601888	中国中免
sh688041	海光信息
sz000157	中联重科
sz300661	圣邦股份
sh600183	生益科技
sz000858	五粮液
sz000425	徐工机械
sh601916	浙商银行
sh600066	宇通客车
sh688082	盛美上海
sz002304	洋河股份
sh600887	伊利股份
sh600219	南山铝业
sh601788	光大证券
sz002602	世纪华通
sz002415	海康威视
sh603799	华友钴业
sh600309	万华化学
sh600406	国电南瑞
sz001280	中国铀业
sh603369	今世缘
sh603296	华勤技术
sh688072	拓荆科技
sh601766	中国中车
sh601988	中国银行
sz000792	盐湖股份
sh603501	豪威集团
sz300498	温氏股份
sz300308	中际旭创
sh601059	信达证券
sz001979	招商蛇口
sh603260	合盛硅业
sh600660	福耀玻璃
sz300274	阳光电源
sh603986	兆易创新
sz002422	科伦药业
sz300866	安克创新
sz301236	软通动力
sz000651	格力电器
sh601668	中国建筑
sz002714	牧原股份
sh600036	招商银行
sh600674	川投能源
sz300832	新产业
sh601919	中远海控
sh688183	生益电子
sh601166	兴业银行
sh601727	上海电气
sh600027	华电国际
sz000333	美的集团
sh601857	中国石油
sz002837	英维克
sz002493	荣盛石化
sh600104	上汽集团
sh603893	瑞芯微
sh601601	中国太保
sz002648	卫星化学
sh605117	德业股份
sz002202	金风科技
sz300124	汇川技术
sz002311	海大集团
sh601669	中国电建
sh600061	国投资本
sh600372	中航机载
sh601138	工业富联
sh601818	光大银行
sh600549	厦门钨业
sh603288	海天味业
sh601878	浙商证券
sz001391	国货航
sz000768	中航西飞
sh601995	中金公司
sz002241	歌尔股份
sz002352	顺丰控股
sz002938	鹏鼎控股
sz300502	新易盛
sh601136	首创证券
sz000977	浪潮信息
sh688126	沪硅产业
sh600028	中国石化
sz002179	中航光电
sh601698	中国卫通
sz301165	锐捷网络
sh600570	恒生电子
sh600938	中国海油
sh688472	阿特斯
sh600519	贵州茅台
sh600115	中国东航
sh600926	杭州银行
sh600085	同仁堂
sz301308	江波龙
sh600039	四川路桥
sz300433	蓝思科技
sh600900	长江电力
sz000895	双汇发展
sh600031	三一重工
sh601117	中国化学
sh688008	澜起科技
sh601901	方正证券
sh601728	中国电信
sz000725	京东方A
sz302132	中航成飞
sh600111	北方稀土
sh600030	中信证券
sh601186	中国铁建
sh688009	中国通号
sh605499	东鹏饮料
sh600000	浦发银行
sh601899	紫金矿业
sh600919	江苏银行
sh600025	华能水电
sh603392	万泰生物
sz300251	光线传媒
sh601006	大秦铁路
sh688506	百利天恒
sz300750	宁德时代
sh601939	建设银行
sh601012	隆基绿能
sz300122	智飞生物
sh601328	交通银行
sz000001	平安银行
sh600118	中国卫星
sz001965	招商公路
sz000408	藏格矿业
sh600875	东方电气
sh601238	广汽集团
sz002074	国轩高科
sz300059	东方财富
sh600150	中国船舶
sh601600	中国铝业
sz002463	沪电股份
sh600019	宝钢股份
sz000063	中兴通讯
sh600584	长电科技
sh601360	三六零
sh601318	中国平安
sz000338	潍柴动力
sh600438	通威股份
sz000301	东方盛虹
sz000617	中油资本
sz300015	爱尔眼科
sh688981	中芯国际
sh600585	海螺水泥
sz300476	胜宏科技
sh600918	中泰证券
sz300418	昆仑万维
sh601211	国泰海通
sz003816	中国广核
sh600011	华能国际
sh601816	京沪高铁
sz300413	芒果超媒
sz300014	亿纬锂能
sh600050	中国联通
sh601077	渝农商行
sz000999	华润三九
sh601688	华泰证券
sz301269	华大九天
sh600029	南方航空
sh601058	赛轮轮胎
sh601225	陕西煤业
sh600346	恒力石化
sz002050	三花智控
sh600522	中天科技
sh601985	中国核电
sh688303	大全能源
sh600999	招商证券
sh600426	华鲁恒升
sz002920	德赛西威
sh601898	中煤能源
sz002001	新和成
sz300024	机器人
sz002603	以岭药业
sh600004	白云机场
sh603308	应流股份
sz300919	中伟新材
sh600378	昊华科技
sh601106	中国一重
sz301536	星宸科技
sz300620	光库科技
sz300972	万辰集团
sz002131	利欧股份
sz301377	鼎泰高科
sh600511	国药股份
sh605358	立昂微
sh688385	复旦微电
sh688599	天合光能
sz000155	川能动力
sh688002	睿创微纳
sh600299	安迪苏
sh601555	东吴证券
sz000400	许继电气
sz301358	湖南裕能
sz300567	精测电子
sz300888	稳健医疗
sz300285	国瓷材料
sz000785	居然智家
sz002821	凯莱英
sh600298	安琪酵母
sh600316	洪都航空
sz300207	欣旺达
sz300390	天华新能
sz300735	光弘科技
sh600312	平高电气
sz002299	圣农发展
sh601139	深圳燃气
sz002500	山西证券
sh688234	天岳先进
sh603175	超颖电子
sh601112	振石股份
sz002472	双环传动
sh600098	广州发展
sh688563	航材股份
sz002340	格林美
sz002683	广东宏大
sz002945	华林证券
sh688361	中科飞测
sh603605	珀莱雅
sh600582	天地科技
sz300548	长芯博创
sh688017	绿的谐波
sh601000	唐山港
sh688235	百济神州
sh601799	星宇股份
sh603529	爱玛科技
sz002984	森麒麟
sz300496	中科创达
sh601615	明阳智能
sh688608	恒玄科技
sh601991	大唐发电
sh688475	萤石网络
sh605589	圣泉集团
sz300666	江丰电子
sz002032	苏泊尔
sh603298	杭叉集团
sh688188	柏楚电子
sz002739	儒意电影
sz002261	拓维信息
sh600820	隧道股份
sz000983	山西焦煤
sz002078	太阳纸业
sz002262	恩华药业
sh603225	新凤鸣
sz000750	国海证券
sh601156	东航物流
sh600601	方正科技
sz000830	鲁西化工
sh601236	红塔证券
sh600038	中直股份
sh688019	安集科技
sh603688	石英股份
sh603160	汇顶科技
sz001309	德明利
sz002195	岩山科技
sz002841	视源股份
sh600517	国网英大
sh603345	安井食品
sz002583	海能达
sz000800	一汽解放
sh600521	华海药业
sz002430	杭氧股份
sh688065	凯赛生物
sz002926	华西证券
sz300073	当升科技
sz000415	渤海租赁
sh601212	白银有色
sz300759	康龙化成
sz000883	湖北能源
sz002517	恺英网络
sh688172	燕东微
sz300454	深信服
sh603092	德力佳
sh601997	贵阳银行
sh600754	锦江酒店
sh688266	泽璟制药
sh688615	合合信息
sz002465	海格通信
sh688538	和辉光电
sz300339	润和软件
sh601598	中国外运
sh600095	湘财股份
sz301498	乖宝宠物
sh600598	北大荒
sh600339	中油工程
sh600032	浙江新能
sh600329	达仁堂
sz002155	湖南黄金
sh601808	中海油服
sz002007	华兰生物
sh688708	佳驰科技
sh688297	中无人机
sh600707	彩虹股份
sh601958	金钼股份
sz000598	兴蓉环境
sh600871	石化油服
sh600901	江苏金租
sh688331	荣昌生物
sh600363	联创光电
sh601866	中远海发
sh601228	广州港
sz000898	鞍钢股份
sh600685	中船防务
sh603858	步长制药
sh603290	斯达半导
sz000723	美锦能源
sz000709	河钢股份
sh600995	南网储能
sh600535	天士力
sh600369	西南证券
sz002185	华天科技
sz002152	广电运通
sz001696	宗申动力
sh600977	中国电影
sh600171	上海贝岭
sz000021	深科技
sh600516	方大炭素
sh600153	建发股份
sh688278	特宝生物
sh600602	云赛智联
sh600483	福能股份
sz000539	粤电力A
sh601666	平煤股份
sz300570	太辰光
sz300724	捷佳伟创
sh688322	奥比中光
sz000937	冀中能源
sh603833	欧派家居
sh688166	博瑞医药
sz002812	恩捷股份
sz300140	节能环境
sh688411	海博思创
sh600536	中国软件
sz003035	南网能源
sz002850	科达利
sh601099	太平洋
sh600562	国睿科技
sz300100	双林股份
sz000960	锡业股份
sh600970	中材国际
sh688772	珠海冠宇
sh600985	淮北矿业
sz300142	沃森生物
sz000997	新大陆
sh600282	南钢股份
sz000738	航发控制
sh600884	杉杉股份
sh688120	华海清科
sh688052	纳芯微
sz300373	扬杰科技
sz000062	深圳华强
sh603606	东方电缆
sh688349	三一重能
sz002670	国盛证券
sh601098	中南传媒
sh603650	彤程新材
sh688778	厦钨新能
sh603568	伟明环保
sz002966	苏州银行
sz002429	兆驰股份
sz000733	振华科技
sh600177	雅戈尔
sh603939	益丰药房
sz002271	东方雨虹
sh688187	时代电气
sh688295	中复神鹰
sh600764	中国海防
sh601162	天风证券
sh600352	浙江龙盛
sh601216	君正集团
sh688313	仕佳光子
sh603589	口子窖
sh601611	中国核建
sh601016	节能风电
sh600862	中航高科
sh603816	顾家家居
sh600143	金发科技
sh601108	财通证券
sz000027	深圳能源
sh603766	隆鑫通用
sz000683	博源化工
sh600583	海油工程
sh603256	宏和科技
sz300383	光环新网
sh688192	迪哲医药
sz002432	九安医疗
sh688582	芯动联科
sh600161	天坛生物
sz001221	悍高集团
sz300676	华大基因
sh601298	青岛港
sh603806	福斯特
sh600380	健康元
sz300001	特锐德
sh600377	宁沪高速
sz300432	富临精工
sh600498	烽火通信
sh688018	乐鑫科技
sz300003	乐普医疗
sh688220	翱捷科技
sh688336	三生国健
sz002939	长城证券
sz002252	上海莱士
sh600060	海信视像
sz002044	美年健康
sh600606	绿地控股
sh600398	海澜之家
sh688027	国盾量子
sh600546	山煤国际
sz003031	中瓷电子
sh601001	晋控煤业
sz300558	贝达药业
sh601665	齐鲁银行
sz300763	锦浪科技
sz002273	水晶光电
sz002056	横店东磁
sz000967	盈峰环境
sz002756	永兴材料
sz002831	裕同科技
sh601118	海南橡胶
sz000559	万向钱潮
sz000739	普洛药业
sh688301	奕瑞科技
sz000513	丽珠集团
sz002130	沃尔核材
sh688169	石头科技
sz002120	韵达股份
sh688469	芯联集成
sz000050	深天马A
sz000009	中国宝安
sh689009	九号公司
sh600642	申能股份
sh688561	奇安信
sz300017	网宿科技
sh600637	东方明珠
sz000528	柳工
sh603087	甘李药业
sh600166	福田汽车
sh600350	山东高速
sz300136	信维通信
sh603049	中策橡胶
sh603658	安图生物
sz002025	航天电器
sh688099	晶晨股份
sz002138	顺络电子
sz002244	滨江集团
sz002312	川发龙蟒
sz300857	协创数据
sz300679	电连技术
sh688425	铁建重工
sh600141	兴发集团
sh600801	华新建材
sz002410	广联达
sz000423	东阿阿胶
sz300002	神州泰岳
sh600808	马钢股份
sh600390	五矿资本
sz000582	北部湾港
sh688728	格科微
sh600348	华阳股份
sh600008	首创环保
sh688122	西部超导
sh600566	济川药业
sz002402	和而泰
sz002281	光迅科技
sh688318	财富趋势
sh601577	长沙银行
sz002797	第一创业
sh600699	均胜电子
sz300115	长盈精密
sh601717	中创智领
sh603885	吉祥航空
sh688629	华丰科技
sh600062	华润双鹤
sh600879	航天电子
sh603979	金诚信
sh601699	潞安环能
sh688520	神州细胞
sh600578	京能电力
sz002157	正邦科技
sh600105	永鼎股份
sz300474	景嘉微
sz002085	万丰奥威
sz000987	越秀资本
sh600100	同方股份
sh600968	海油发展
sh603179	新泉股份
sz000786	北新建材
sz301611	珂玛科技
sh600256	广汇能源
sz000921	海信家电
sh600109	国金证券
sz000088	盐田港
sh601869	长飞光纤
sh600126	杭钢股份
sh688363	华熙生物
sh603737	三棵树
sh600497	驰宏锌锗
sh601233	桐昆股份
sz000878	云南铜业
sz000893	亚钾国际
sz300487	蓝晓科技
sh688213	思特威
sh603920	世运电路
sz000783	长江证券
sz002265	建设工业
sh603444	吉比特
sz300953	震裕科技
sz002738	中矿资源
sh688114	华大智造
sz300346	南大光电
sh688343	云天励飞
sz002436	兴森科技
sh600988	赤峰黄金
sh603129	春风动力
sz300146	汤臣倍健
sz001389	广合科技
sh603786	科博达
sz002008	大族激光
sz000728	国元证券
sz301606	绿联科技
sz002266	浙富控股
sh688819	天能股份
sz002223	鱼跃医疗
sh600563	法拉电子
sh600967	内蒙一机
sh600132	重庆啤酒
sz000661	长春高新
sh600848	上海临港
sz002064	华峰化学
sh600157	永泰能源
sz000034	神州数码
sz002601	龙佰集团
sz300757	罗博特科
sz300012	华测检测
sh688200	华峰测控
sh688037	芯源微
sh601865	福莱特
sh603565	中谷物流
sh600332	白云山
sh603486	科沃斯
sz300751	迈为股份
sh600292	电投水电
sh603899	晨光股份
sz300395	菲利华
sz000039	中集集团
sh600737	中粮糖业
sz002444	巨星科技
sh601567	三星电气
sh600595	中孚实业
sh601198	东兴证券
sh688617	惠泰医疗
sz301301	川宁生物
sh600711	盛屯矿业
sz000932	华菱钢铁
sz300458	全志科技
sz002773	康弘药业
sz301200	大族数控
sh688578	艾力斯
sh600909	华安证券
sz300699	光威复材
sh601128	常熟银行
sh600885	宏发股份
sh688281	华秦科技
sz000703	恒逸石化
sz300604	长川科技
sz001286	陕西能源
sh603659	璞泰来
sh600655	豫园股份
sz000537	绿发电力
sh600170	上海建工
sh603000	人民网
sh600131	国网信通
sz001203	大中矿业
sh688709	成都华微
sh600998	九州通
sh600816	建元信托
sh600295	鄂尔多斯
sz002624	完美世界
sz300223	君正股份
sz002335	科华数据
sz301526	国际复材
sh688180	君实生物
sz002461	珠江啤酒
sz300475	香农芯创
sz002153	石基信息
sz003022	联泓新科
sh600499	科达制造
sh603596	伯特利
sz001386	马可波罗
sh600435	北方导航
sh600663	陆家嘴
sz002568	百润股份
sh688702	盛科通信
sz002414	高德红外
sh601399	国机重装
sh601990	南京证券
sz002508	老板电器
sz000060	中金岭南
sh688568	中科星图
sh600873	梅花生物
sz002407	多氟多
sz300748	金力永磁
sh603156	养元饮品
sh600863	华能蒙电
sz300627	华测导航
sz002487	大金重工
sh603728	鸣志电器
sz300718	长盛轴承
sz300058	蓝色光标
sz002423	中粮资本
sh601155	新城控股
sz002203	海亮股份
sz000729	燕京啤酒
sh601608	中信重工
sz000591	太阳能
sh601696	中银证券
sh603338	浙江鼎力
sh603341	龙旗科技
sh600486	扬农化工
sz002065	东华软件
sh600765	中航重机
sh601179	中国西电
sz300037	新宙邦
sz300677	英科医疗
sh603119	浙江荣泰
sh601880	辽港股份
sz002673	西部证券
sh603379	三美股份
sh688692	达梦数据
sh600208	衢州发展
sz000519	中兵红箭
sh688347	华虹宏力
sh600021	上海电力
sz002409	雅克科技
sh688498	源杰科技
sh688248	南网科技
sh600688	上海石化
sz300144	宋城演艺
sh600763	通策医疗
sz000429	粤高速A
sh601928	凤凰传媒
sz002126	银轮股份
sh688676	金盘科技
sh688777	中控技术
sz000887	中鼎股份
sz002608	江苏国信
sz300957	贝泰妮
sz300623	捷捷微电
sz002851	麦格米特
sh600906	财达证券
sz002318	久立特材
sz000737	北方铜业
sh688375	国博电子
sz003021	兆威机电
sh601966	玲珑轮胎
sz000959	首钢股份
sh600927	永安期货
sh603699	纽威股份
sz000629	钒钛股份
sh600392	盛和资源
sz000951	中国重汽
sh603233	大参林
sz000825	太钢不锈
sh601019	山东出版
sz000831	中国稀土
sz300054	鼎龙股份
sz000623	吉林敖东
sh688387	信科移动
sh600704	物产中大
sz000032	深桑达A
sh603077	和邦生物
sz300678	中科信息
sz301275	汉朔科技
sz300181	佐力药业
sz002163	海南发展
sh688660	电气风电
sz300376	易事特
sz000927	中国铁物
sh603283	赛腾股份
sz000928	中钢国际
sh688605	先锋精科
sz301005	超捷股份
sz301267	华厦眼科
sh600094	大名城
sz300438	鹏辉能源
sz300680	隆盛科技
sz002643	万润股份
sz002171	楚江新材
sh603730	岱美股份
sh603219	富佳股份
sh600058	五矿发展
sz002043	兔宝宝
sz300811	铂科新材
sh688523	航天环宇
sh688300	联瑞新材
sz000612	焦作万方
sz301101	明月镜片
sz000690	宝新能源
sz300357	我武生物
sh600458	时代新材
sh600597	光明乳业
sh600331	宏达股份
sh603337	杰克科技
sz002434	万里扬
sz000065	北方国际
sz001236	弘业期货
sh688289	圣湘生物
sh603025	大豪科技
sz002100	天康生物
sh603997	继峰股份
sh688433	华曙高科
sz300415	伊之密
sh688658	悦康药业
sh601975	招商南油
sz300409	道氏技术
sz002317	众生药业
sz300726	宏达电子
sh603402	陕西旅游
sz003039	顺控发展
sh600550	保变电气
sz300085	银之杰
sz002847	盐津铺子
sz002541	鸿路钢构
sh603063	禾望电气
sz300456	赛微电子
sz300607	拓斯达
sh600654	中安科
sz002015	协鑫能科
sh688128	中国电研
sz300398	飞凯材料
sz300294	博雅生物
sh600012	皖通高速
sz300088	长信科技
sz301511	德福科技
sh601677	明泰铝业
sz002755	奥赛康
sz000089	深圳机场
sh605020	永和股份
sz001301	尚太科技
sh688190	云路股份
sz002326	永太科技
sz300568	星源材质
sz002922	伊戈尔
sz300341	麦克奥迪
sh600116	三峡水利
sz300244	迪安诊断
sh601636	旗滨集团
sz300579	数字认证
sz002215	诺普信
sh601022	宁波远洋
sh688088	虹软科技
sh603118	共进股份
sh688127	蓝特光学
sh603299	苏盐井神
sz002946	新乳业
sh603166	福达股份
sz002372	伟星新材
sh600864	哈投股份
sh688091	上海谊众
sz002681	奋达科技
sh600993	马应龙
sh600956	新天绿能
sh603638	艾迪精密
sh688668	鼎通科技
sh603005	晶方科技
sh688691	灿芯股份
sz300360	炬华科技
sh603162	海通发展
sz002768	国恩股份
sh603662	柯力传感
sh600645	中源协和
sh603227	雪峰科技
sh603505	金石资源
sh603533	掌阅科技
sz300613	富瀚微
sz000829	天音控股
sz000828	东莞控股
sz002727	一心堂
sz000970	中科三环
sh688025	杰普特
sz002698	博实股份
sh603009	北特科技
sh600259	中稀有色
sh600420	国药现代
sh688486	龙迅股份
sh688789	宏华数科
sz301589	诺瓦星云
sz002104	恒宝股份
sz002549	凯美特气
sh600649	城投控股
sz000966	长源电力
sh601921	浙版传媒
sh603530	神马电力
sh603014	威高血净
sh688586	江航装备
sz000917	电广传媒
sh600428	中远海特
sh688206	概伦电子
sh600859	王府井
sz000550	江铃汽车
sh600185	珠免集团
sh600055	万东医疗
sz002967	广电计量
sz000762	西藏矿业
sz300783	三只松鼠
sh600335	国机汽车
sz000791	甘肃能源
sz300101	振芯科技
sz002151	北斗星通
sh688062	迈威生物
sh603169	兰石重装
sz301396	宏景科技
sh603360	百傲化学
sz300153	科泰电源
sh600596	新安股份
sz300257	开山股份
sh688352	颀中科技
sh603983	丸美生物
sh688432	有研硅
sh688408	中信博
sh600575	淮河能源
sz300119	瑞普生物
sh600933	爱柯迪
sz000156	华数传媒
sz002127	南极电商
sz000778	新兴铸管
sz000875	电投绿能
sz002807	江阴银行
sz300492	华图山鼎
sz300468	四方精创
sz000061	农产品
sh600559	老白干酒
sh603358	华达科技
sh603456	九洲药业
sz002572	索菲亚
sh688252	天德钰
sh688139	海尔生物
sz300327	中颖电子
sz002626	金达威
sz301297	富乐德
sz000059	华锦股份
sh601101	昊华能源
sh603043	广州酒家
sh688150	莱特光电
sz301584	建发致新
sh603317	天味食品
sz300990	同飞股份
sz301153	中科江南
sh600446	金证股份
sh600389	江山股份
sh600529	山东药玻
sz002911	佛燃能源
sh600729	重百集团
sh601777	千里科技
sh600629	华建集团
sh603733	仙鹤股份
sz002716	湖南白银
sh600268	国电南自
sz300459	汤姆猫
sz002550	千红制药
sz002965	祥鑫科技
sh688107	安路科技
sh601026	道生天合
sz002233	塔牌集团
sh688388	嘉元科技
sz002125	湘潭电化
sz300130	新国都
sz001267	汇绿生态
sz002987	京北方
sh600037	歌华有线
sh600461	洪城环境
sh600882	妙可蓝多
sh600757	长江传媒
sh600728	佳都科技
sz300598	诚迈科技
sz300457	赢合科技
sh600480	凌云股份
sz300702	天宇股份
sz001287	中电港
sz002051	中工国际
sz300446	航天智造
sz000676	智度股份
sh688392	骄成超声
sz000727	冠捷科技
sh600366	宁波韵升
sz000990	诚志股份
sz301600	慧翰股份
sh603556	海兴电力
sz301458	钧崴电子
sh601208	东材科技
sh600528	中铁工业
sh600167	联美控股
sh600409	三友化工
sz300684	中石科技
sz000973	佛塑科技
sz300065	海兰信
sh600971	恒源煤电
sz002270	华明装备
sh603929	亚翔集成
sz002979	雷赛智能
sh688182	灿勤科技
sz002110	三钢闽光
sh688717	艾罗能源
sh603171	税友股份
sz300773	拉卡拉
sz301556	托普云农
sh688531	日联科技
sh603267	鸿远电子
sh600210	紫江企业
sh603301	振德医疗
sh603567	珍宝岛
sz301602	超研股份
sz002170	芭田股份
sz000498	山东路桥
sh603619	中曼石油
sh600330	天通股份
sz002222	福晶科技
sh603613	国联股份
sz300633	开立医疗
sz300049	福瑞医科
sh603881	数据港
sh601369	陕鼓动力
sh600151	航天机电
sz002906	华阳集团
sh688400	凌云光
sh603667	五洲新春
sz002182	宝武镁业
sh601333	广深铁路
sz002705	新宝股份
sz300969	恒帅股份
sh603355	莱克电气
sh688536	思瑞浦
sh605507	国邦医药
sz002947	恒铭达
sh688006	杭可科技
sz002929	润建股份
sh600657	信达地产
sh603202	天有为
sz002839	张家港行
sh688403	汇成股份
sh600577	精达股份
sz002516	旷达科技
sz001896	豫能控股
sh600718	东软集团
sh600740	山西焦化
sh688032	禾迈股份
sh688627	精智达
sh688146	中船特气
sz000795	英洛华
sz002635	安洁科技
sh600361	创新新材
sz301205	联特科技
sh600301	华锡有色
sz300416	苏试试验
sz301631	壹连科技
sz300034	钢研高纳
sz002537	海联金汇
sz002250	联化科技
sh688262	国芯科技
sz300768	迪普科技
sz301155	海力风电
sz001382	新亚电缆
sh688596	正帆科技
sz000885	城发环境
sz000811	冰轮环境
sz000506	招金黄金
sz002338	奥普光电
sz000935	四川双马
sh688543	国科军工
sh603992	松霖科技
sh688326	经纬恒润
sz002978	安宁股份
sz300725	药石科技
sz001914	招商积余
sh688559	海目星
sz301039	中集车辆
sh603100	川仪股份
sz301175	中科环保
sh600325	华发股份
sz002345	潮宏基
sh688165	埃夫特
sz300601	康泰生物
sh603950	长源东谷
sh603919	金徽酒
sz000029	深深房A
sz301413	安培龙
sz300303	聚飞光电
sz002408	齐翔腾达
sh600248	陕建股份
sh600456	宝钛股份
sh600320	振华重工
sh600866	星湖科技
sz301216	万凯新材
sz301262	海看股份
sh688567	孚能科技
sz002779	中坚科技
sz002149	西部材料
sh600266	城建发展
sz002588	史丹利
sz002060	广东建工
sz300870	欧陆通
sz002651	利君股份
sz301327	华宝新能
sz002061	浙江交科
sh605111	新洁能
sz002212	天融信
sz000848	承德露露
sz002194	武汉凡谷
sz000833	粤桂股份
sz002249	大洋电机
sz000813	德展健康
sz000688	国城矿业
sz300576	容大感光
sz000552	甘肃能化
sh603218	日月股份
sz000028	国药一致
sh600475	华光环能
sz300166	东方国信
sz000810	创维数字
sh603826	坤彩科技
sh600908	无锡银行
sz300806	斯迪克
sh601089	福元医药
sz301381	赛维时代
sh603693	江苏新能
sh600651	飞乐音响
sh600686	金龙汽车
sh600064	南京高科
sh688306	均普智能
sz300493	润欣科技
sh600835	上海机电
sh688443	智翔金泰
sz002518	科士达
sz300080	易成新能
sz002654	万润科技
sh600123	兰花科创
sz301510	固高科技
sz002891	中宠股份
sz002320	海峡股份
sh600315	上海家化
sh688001	华兴源创
sh600782	新钢股份
sz002458	益生股份
sz300342	天银机电
sh600006	东风股份
sh601200	上海环境
sz301047	义翘神州
sz300102	乾照光电
sh603395	红四方
sz002023	海特高新
sh603297	永新光学
sz000012	南玻A
sh601568	北元化工
sz002597	金禾实业
sz300322	硕贝德
sz301238	瑞泰新材
sh603279	景津装备
sh601965	中国汽研
sh603323	苏农银行
sz300776	帝尔激光
sh600353	旭光电子
sz000603	盛达资源
sz000950	重药控股
sz301488	豪恩汽电
sz300378	鼎捷数智
sh600338	西藏珠峰
sh600323	瀚蓝环境
sh601609	金田股份
sh688800	瑞可达
sh688177	百奥泰
sh603698	航天工程
sh605296	神农集团
sh600155	华创云信
sz002287	奇正藏药
sz002896	中大力德
sz002139	拓邦股份
sz301078	孩子王
sz002243	力合科创
sz002557	洽洽食品
sh601778	晶科科技
sz002101	广东鸿图
sz000099	中信海直
sz002563	森马服饰
sh603393	新天然气
sz301571	国科天成
sh600459	贵研铂业
sh600827	百联股份
sz300685	艾德生物
sh600490	鹏欣资源
sh600072	中船科技
sh601595	上海电影
sh600478	科力远
sz000503	国新健康
sh600416	湘电股份
sh603103	横店影视
sh600246	万通发展
sz000767	晋控电力
sz000628	高新发展
sz002251	步步高
sh600789	鲁抗医药
sz301217	铜冠铜箔
sz300036	超图软件
sh600888	新疆众和
sz301029	怡合达
sz300134	大富科技
sh600057	厦门象屿
sh600508	上海能源
sz300035	中科电气
sh600867	通化东宝
sh600761	安徽合力
sh600640	国脉文化
sz300008	天海防务
sz002913	奥士康
sz301071	力量钻石
sh600821	金开新能
sh600258	首旅酒店
sz002324	普利特
sz300777	中简科技
sz002511	中顺洁柔
sh601908	京运通
sz301316	慧博云通
sh688390	固德威
sh600063	皖维高新
sz300131	英唐智控
sz002901	大博医疗
sh688368	晶丰明源
sh605116	奥锐特
sz001339	智微智能
sz300693	盛弘股份
sz002545	东方铁塔
sz300188	国投智能
sh603328	依顿电子
sz301177	迪阿股份
sh688232	新点软件
sh603876	鼎胜新材
sh600916	中国黄金
sh688100	威胜信息
sz300672	国科微
sz300827	上能电气
sz300634	彩讯股份
sh603866	桃李面包
sz000880	潍柴重机
sh605099	共创草坪
sh603013	亚普股份
sz002332	仙琚制药
sz002073	软控股份
sz300573	兴齐眼药
sz002747	埃斯顿
sh600618	氯碱化工
sh603220	中贝通信
sz000901	航天科技
sz002941	新疆交建
sz300171	东富龙
sz002245	蔚蓝锂芯
sh688779	五矿新能
sz002315	焦点科技
sh603194	中力股份
sz300926	博俊科技
sh600345	长江通信
sz001337	四川黄金
sh688798	艾为电子
sh600771	广誉远
sz000685	中山公用
sh688003	天准科技
sh603690	至纯科技
sh603027	千禾味业
sh603707	健友股份
sh605011	杭州热电
sz002960	青鸟智控
sz002416	爱施德
sz300319	麦捷科技
sh600997	开滦股份
sh688700	东威科技
sh688502	茂莱光学
sh688698	伟创电气
sh601038	一拖股份
sz000969	安泰科技
sh688372	伟测科技
sh605118	力鼎光电
sh600285	羚锐制药
sh603093	南华期货
sz300738	奥飞数据
sz300674	宇信科技
sz000563	陕国投A
sz000600	建投能源
sh600682	南京新百
sh601069	西部黄金
sz002239	奥特佳
sz002468	申通快递
sh603915	国茂股份
sz002636	金安国纪
sh688351	微电生理
sz300182	捷成股份
sz002290	禾盛新材
sz301018	申菱环境
sh600403	大有能源
sz002881	美格智能
sz300525	博思软件
sz300841	康华生物
sh688686	奥普特
sz002832	比音勒芬
sz000899	赣能股份
sz000049	德赛电池
sh600643	爱建集团
sh688327	云从科技
sz301678	新恒汇
sh600986	浙文互联
sz300638	广和通
sz002985	北摩高科
sz002539	云图控股
sh688029	南微医学
sh603883	老百姓
sh600619	海立股份
sz300580	贝斯特
sz002091	江苏国泰
sz300913	兆龙互连
sz002063	远光软件
sz000680	山推股份
sz300348	长亮科技
sz300772	运达股份
sz300761	立华股份
sz300323	华灿光电
sz002690	美亚光电
sh688449	联芸科技
sz002761	浙江建投
sh600869	远东股份
sh603477	巨星农牧
sz300070	碧水源
sz000902	新洋丰
sz000420	吉林化纤
sh603127	昭衍新药
sh601137	博威合金
sh605198	安德利
sh603871	嘉友国际
sz002006	精工科技
sz002961	瑞达期货
sh601375	中原证券
sh600710	苏美达
sz300762	上海瀚讯
sz301489	思泉新材
sz002081	金螳螂
sz002892	科力尔
sz002925	盈趣科技
sh600556	天下秀
sh688333	铂力特
sh600717	天津港
sh603124	江南新材
sz002536	飞龙股份
sz300127	银河磁体
sz000672	上峰材料
sh600783	鲁信创投
sh688516	奥特维
sz301109	军信股份
sz002004	华邦健康
sz301293	三博脑科
sz300184	力源信息
sz300133	华策影视
sh600158	中体产业
sz301551	无线传媒
sh603300	海南华铁
sz002017	东信和平
sz002859	洁美科技
sz002204	大连重工
sz002484	江海股份
sh601326	秦港股份
sz301565	中仑新材
sh603508	思维列控
sz002192	融捷股份
sz300047	天源迪科
sz300298	三诺生物
sh688123	聚辰股份
sh600552	凯盛科技
sh688380	中微半导
sz300075	数字政通
sh600587	新华医疗
sz300224	正海磁材
sz000682	东方电子
sz300861	美畅股份
sh600623	华谊集团
sh603132	金徽股份
sz300910	瑞丰新材
sh600399	抚顺特钢
sz301268	铭利达
sh603193	润本股份
sh603663	三祥新材
sh600206	有研新材
sh603248	锡华科技
sz000923	河钢资源
sh605333	沪光股份
sz301592	六九一二
sz002045	国光电器
sz000636	风华高科
sz300872	天阳科技
sh603057	紫燕食品
sz000758	中色股份
sz301000	肇民科技
sh605090	九丰能源
sh688102	斯瑞新材
sh688631	莱斯信息
sz300687	赛意信息
sz002737	葵花药业
sh600509	天富能源
sz002534	西子洁能
sz002011	盾安环境
sz300170	汉得信息
sh603888	新华网
sh600641	先导基电
sh601860	紫金银行
sh601311	骆驼股份
sz301662	宏工科技
sz002701	奥瑞金
sz000837	秦川机床
sh603612	索通发展
sh600179	安通控股
sh688016	心脉医疗
sz002046	国机精工
sh600739	辽宁成大
sh601949	中国出版
sh688279	峰岹科技
sz002354	天娱数科
sz000581	威孚高科
sz300682	朗新科技
sh601020	华钰矿业
sz301091	深城交
sz301061	匠心家居
sz301487	盟固利
sz002174	游族网络
sz300455	航天智装
sz300284	苏交科
sh688362	甬矽电子
sh600186	莲花控股
sh600391	航发科技
sz000058	深赛格
sz301196	唯科科技
sh688776	国光电气
sh601126	四方股份
sh600996	贵广网络
sz002882	金龙羽
sz301345	涛涛车业
sz301658	首航新能
sh600022	山东钢铁
sh688726	拉普拉斯
sh603305	旭升集团
sh600929	雪天盐业
sh600621	华鑫股份
sz301219	腾远钴业
sz000543	皖能电力
sz301225	恒勃股份
sh603236	移远通信
sh601107	四川成渝
sh600744	华银电力
sz002617	露笑科技
sh603026	石大胜华
sh600273	嘉化能源
sh601519	大智慧
sz301522	上大股份
sh600033	福建高速
sh688332	中科蓝讯
sh688050	爱博医疗
sz300850	新强联
sz002226	江南化工
sh600662	外服控股
sz002895	川恒股份
sz002145	钛能化学
sz301363	美好医疗
sz301371	敷尔佳
sz000930	中粮科技
sz300026	红日药业
sz300820	英杰电气
sh603418	友升股份
sz002048	宁波华翔
sz301035	润丰股份
sz002010	传化智联
sz300855	图南股份
sh601033	永兴股份
sh601096	宏盛华源
sz000620	盈新发展
sh688005	容百科技
sz000403	派林生物
sz002096	易普力
sh600850	电科数字
sh600017	日照港
sz301550	斯菱智驱
sh600328	中盐化工
sz002498	汉缆股份
sh603319	美湖股份
sh603406	天富龙
sh601890	亚星锚链
sh600877	电科芯片
sz300185	通裕重工
sh603927	中科软
sz002183	怡亚通
sh603327	福蓉科技
sz300180	华峰超纤
sz001233	海安集团
sh600750	华润江中
sz002611	东方精工
sh600639	浦东金桥
sz300618	寒锐钴业
sz300315	掌趣科技
sh600746	江苏索普
sz002075	沙钢股份
sh688083	中望软件
sh600305	恒顺醋业
sh601083	锦江航运
sh688545	兴福电子
sz000686	东北证券
sh603039	泛微网络
sz301500	飞南资源
sh600388	紫金龙净
sz300363	博腾股份
sh688048	长光华芯
sz002838	道恩股份
sh688439	振华风光
sh603108	润达医疗
sz002237	恒邦股份
sz002840	华统股份
sz002368	太极股份
sh600675	中华企业
sh688591	泰凌微
sz002948	青岛银行
sh600507	方大特钢
sh603496	恒为科技
sh603306	华懋科技
sz002396	星网锐捷
sz002019	亿帆医药
sh600216	浙江医药
sh600059	古越龙山
sh601918	新集能源
sh601952	苏垦农发
sz300814	中富电路
sz002428	云南锗业
sz300482	万孚生物
sz002158	汉钟精机
sz002020	京新药业
sz001369	双欣材料
sh688205	德科立
sh688110	东芯股份
sz002405	四维图新
sz301632	广东建科
sz002958	青农商行
sh600726	华电能源
sh600163	中闽能源
sz300624	万兴科技
sh688630	芯碁微装
sh603583	捷昌驱动
sh688116	天奈科技
sz000913	钱江摩托
sz003006	百亚股份
sz002897	意华股份
sz300045	华力创通
sz300229	拓尔思
sz300253	卫宁健康
sz301031	中熔电气
sz300595	欧普康视
sh688652	京仪装备
sz300775	三角防务
sh601702	华峰铝业
sz002745	木林森
sz300593	新雷能
sh600075	新疆天业
sz301665	泰禾股份
sz002254	泰和新材
sh601801	皖新传媒
sh600872	中炬高新
sh600633	浙数文化
sh600787	中储股份
sz301215	中汽股份
sh601900	南方传媒
sz000422	湖北宜化
sh603072	天和磁材
sh600114	东睦股份
sh688195	腾景科技
sz300655	晶瑞电材
sh605555	德昌股份
sh600201	生物股份
sz002181	粤传媒
sh603588	高能环境
sh600812	华北制药
sh605376	博迁新材
sh688548	广钢气体
sz300925	法本信息
sz301421	波长光电
sh688153	唯捷创芯
sh600184	光电股份
sh600056	中国医药
sz301622	英思特
sz000681	视觉中国
sz002221	东华能源
sz002675	东诚药业
sh600502	安徽建工
sh605599	菜百股份
sz002815	崇达技术
sz301015	百洋医药
sh601963	重庆银行
sz301626	苏州天脉
sz002827	高争民爆
sh605196	华通线缆
sz300723	一品红
sh603516	淳中科技
sz300031	宝通科技
sz300529	健帆生物
sz002258	利尔化学
sz002373	千方科技
sh688063	派能科技
sz002246	北化股份
sz301339	通行宝
sh600963	岳阳林纸
sh600751	海航科技
sh688515	裕太微
sz300747	锐科激光
sh600557	康缘药业
sz000035	中国天楹
sz300098	高新兴
sz300077	国民技术
sz300236	上海新阳
sz000719	中原传媒
sh600120	浙江东方
sz300337	银邦股份
sh688409	富创精密
sz001359	平安电工
sz000998	隆平高科
sh688552	航天南湖
sh601003	柳钢股份
sh688503	聚和材料
sh600667	太极实业
sh603033	三维股份
sz002364	中恒电气
sz002003	伟星股份
sz002267	陕天然气
sz000801	四川九洲
sz000962	东方钽业
sz002176	江特电机
sh688068	热景生物
sh601222	林洋能源
sz000650	仁和药业
sh600928	西安银行
sz002099	海翔药业
sh600961	株冶集团
sz003010	若羽臣
sh601528	瑞丰银行
sh600664	哈药股份
sz002993	奥海科技
sh688321	微芯生物
sh688097	博众精工
sz002093	国脉科技
sz301095	广立微
sz002936	郑州银行
sh601678	滨化股份
sh688382	益方生物
sh688612	威迈斯
sz300007	汉威科技
sh601858	中国科传
sz301207	华兰疫苗
sh688639	华恒生物
sh601969	海南矿业
sz002867	周大生
sh603055	台华新材
sh603809	豪能股份
sz300809	华辰装备
sh688549	中巨芯
sh688131	皓元医药
sh603678	火炬电子
sh603083	剑桥科技
sz301050	雷电微力
sh601882	海天精工
sz002216	三全食品
sz300296	利亚德
sz002268	电科网安
sz002928	华夏航空
sh688141	杰华特
sz000030	富奥股份
sz300199	翰宇药业
sh600269	赣粤高速
sh600211	西藏药业
sh603887	城地香江
sz301127	武汉天源
sz002544	普天科技
sz002276	万马股份
sz300660	江苏雷利
sz002053	云南能投
sh603599	广信股份
sh601619	嘉泽新能
sh688766	普冉股份
sh688167	炬光科技
sz300770	新媒股份
sh600226	亨通股份
sz002668	TCL智家
sz002706	良信股份
sz300602	飞荣达
sz301291	明阳电气
sz300641	正丹股份
sz300009	安科生物
sz002041	登海种业
sz300260	新莱应材
sz301087	可孚医疗
sz300657	弘信电子
sz000712	锦龙股份
sh600531	豫光金铅
sz002097	山河智能
sz002488	金固股份
sh603099	长白山
sz002605	姚记科技
sz002123	梦网科技
sz300083	创世纪
sh688031	星环科技
sz001227	兰州银行
sz301389	隆扬电子
sh603713	密尔克卫
sh688690	纳微科技
sz002400	省广集团
sh601068	中铝国际
sz000048	京基智农
sz000534	万泽股份
sz002351	漫步者
sz300428	立中集团
sh600129	太极集团
sz000567	海德股份
sz000766	通化金马
sh688584	上海合晶
sh605123	派克新材
sz002389	航天彩虹
sh688208	道通科技
sh600773	西藏城投
sh600452	涪陵电力
sz000860	顺鑫农业
sh600612	老凤祥
sz002507	涪陵榨菜
sz000555	神州信息
sz002036	联创电子
sz301263	泰恩康
sz301171	易点天下
sz002506	协鑫集成
sh688353	华盛锂电
sz301392	汇成真空
sz301563	云汉芯城
sh600776	东方通信
sz300113	顺网科技
sh600252	中恒集团
sh600267	海正药业
sh600133	东湖高新
sz002497	雅化集团
sz002639	雪人集团
sh603376	大明电子
sh688519	南亚新材
sh688593	新相微
sh600373	中文传媒
sz002456	欧菲光
sz300443	金雷股份
sh688522	纳睿雷达
sh600395	盘江股份
sh601606	长城军工
sh600635	大众公用
sh688484	南芯科技
sz300276	三丰智能
sz300821	东岳硅材
sh688147	微导纳米
sz002077	大港股份
sz002121	科陆电子
sh600422	昆药集团
sh601187	厦门银行
sz002292	奥飞娱乐
sh600113	浙江东日
sz300779	惠城环保
sz300353	东土科技
sz300503	昊志机电
sz002531	天顺风能
sz002378	章源钨业
sh600572	康恩贝
sh688106	金宏气体
sh688158	优刻得
